,0
0,"‘럭키 7’ 김민성 3타점…LG, 수비 흔들린 두산에 멍군!"
1,SK 워니 27득점…‘외국인 대결’서 KT 라렌 압도
2,오후 9시까지 1975명 확진···수도권 확진자 비율 80% 넘어
3,"청담 우리들병원 은상수 원장, 치료·운동법 담은 ‘매일 척추’ 출간"
4,기업 임신·육아 환경 평가 ‘직장부모친화지수’ 개발
5,“한국형 지중해식 식단으로 심혈관질환 예방하세요”
6,65세 이상 고혈압여성이 1.5배 많다
7,진화한 박지수·지략가 김완수…되는 집 KB의 ‘수수한’ 위력
8,코로나 뚫고…뉴욕마라톤 2년 만에 8일 열려
9,늘 첫 골로…새 감독에게 믿음 주는 ‘손’
10,역사를 바꾸고 역사가 된 “아차차…” 가을의 슬픈 전설
11,모성으로부터의 도피처가 된 글쓰기 [책과 삶]
12,사람은 언제 사람이 아니게 될까 [책과 삶]
13,나비가 돌아왔다 外 [새책]
14,그리운 달님 찾아…‘청산별곡’ 가락 따라 시작된 버들 도령의 모험 [그림책]
15,‘투쟁·개혁·건국’ 격변의 한반도에서 새로운 균형으로 향한 힘 [책과 삶]
16,성형·자폐증·철새·경락…현장연구 중 남긴 관찰기 [책과 삶]
17,대항해 시대의 일본인 노예 外 [새책]
18,"대전환 시대, 불굴의 삶 살았던 단테와 함께 ‘지혜의 길’을 떠나보자 [박상진의 우리 시대의 단테 읽기 ①]"
19,미 연준 “일시적 인플레” 밝혀도 국제 우려감 지속
20,‘트럭이 멈췄다’…‘요소수 대란’ 벼랑 끝에 선 화물차 기사들
21,중도해지·입회금 만기 반환 거부…콘도회원권 피해 속출
22,"게임이 웹툰으로, 드라마가 게임으로…‘선 넘는 콘텐츠’"
23,가을향 가득 머금고…경복궁 ‘향원정’ 복원 완료 [포토뉴스]
24,2021년 11월 6일 대체로 맑고 남부 구름 많음 [오늘의 날씨]
25,"서울에 남은 마지막 고래, 고향 북극해로 간다"
26,"대장동 배임 수사 열쇠, 유동규·유한기 ‘입’"
27,“화석연료 자산 절반은 10여년 후 가치 없어”
28,‘고발 사주 모르쇠’ 거짓으로 드러난 김웅의 ‘선택적 기억’
29,오늘의 부고 - 2021년 11월 6일
30,이재명 “국민 필요 땐 김대중 정책·박정희 정책 안 따져야”
31,심상정 “의료인 생명안전 수당 도입”
32,유승민 “승리 위해 백의종군” 원희룡 “기꺼이 원팀 되겠다”
33,“다시 팬데믹 진원지” 유럽 지목한 WHO
34,여론조사서 홍준표에 10%P 지고 당원 몰표로 승리…‘확장성 한계’
35,"윤석열, 공정·정의·소통 강조하며 ‘반문 기치’…“내 승리, 뼈아플 것”"
36,당심에 막힌 홍준표의 두 번째 도전…“경선서 국민 관심 끌어온 게 내 역할”
37,"현 정권의 ‘검’에서 현 정권 겨누는 ‘검’으로…윤석열, 반전 연속의 삶"
38,"MB계 포진한 광화문 캠프, 법조 인맥 서초동 캠프 ‘양날개’로 난다"
39,이재명 “대선이 정책과 비전으로 미래 열어가는 장이 되길” 정의당 “고발 사주와 대장동…누가 덜 나쁜지 경쟁은 안 돼”
40,윤석열 “대선은 상식과 비상식의 싸움”
41,정부 “확진자 하루 7000명까지 감당 필요”…수도권 병원에 병상 확보 명령
42,"세계식량가격지수, 10년3개월 만에 최고…내년 국내 식품값 오를 듯"
43,"윤석열 대선 후보 선출에…외신 ""정권비리 수사한 검찰총장"" 소개"
44,2021년 11월 6·7일 [볼만한 주말영화]
45,2021년 11월 6·7일 [TV하이라이트]
46,다음주엔 뭐 볼까
47,X-ray?…구도·묘사 걷고 핵심만 남긴 초상화
48,"황석정 “1인극, 두려운 도전이었지만 매 순간이 기적 같았다”"
49,"윤석열 국민의힘 대선 후보 된 날, 장모는 법정 출석"
50,"[사설] 초기 진술 모두 뒤집는 김웅, 공인답게 행동하라"
51,"[사설] ‘2030 탈석탄 선언’ 동참한 한국, 실천 방안도 제시해야"
52,"[사설] 당심 업고 승리한 윤석열, 수권능력·확장력 시험대 섰다"
53,[여적] 위기의 꿀잠
54,"홍준표 ""26년간 헌신한 당에서 헌신짝처럼...그래도 백의종군"""
55,"재난지원금 이견···홍남기 “맞춤형 지원이 효과적”, 이재명 “초과세수는 국민을 위해”"
56,안철수 “윤석열 선출 축하”...연대 가능성은 언급 안해
57,"송영길 “윤석열, 국민과 언론 앞에 성실하게 답변하라”"
58,오후 6시까지 1542명 확진···전날보다 145명 적어
59,"검찰, ‘화성 입양아 학대 사망사건’ 피고인인 30대 양부에 무기징역 구형"
60,"서울고검, 조국 수사팀 감찰 착수…한동훈 “치졸한 보복”"
61,"윤석열 선출된 날 대구 찾은 이재명 “김대중 정책이든, 박정희 정책이든”"
62,“어대윤” “무야홍”…국민의힘 대선 후보 선출 당일 열띤 응원전
63,"""통통한 새우젓이 돌아왔다""…마포나루 새우젓 축제 개막"
64,"김부겸 총리 “전국민 재난지원금, 국회서 장시간 토론해야”"
65,"정의당, 윤석열에게 “누가 덜 나쁜지 경쟁하는 선거로 안돼"""
66,‘정권심판론’ 윤석열 vs ‘정권재창출’ 이재명···대선 대진표 확정
67,"대장동 배임 윗선 수사, ‘유원&유투’ 입으로 쏠리는 눈길"
68,"동물의 숲 과몰입 중, '무임승차' 이웃들과 살아가는 기쁨[플랫]"
69,"고 홍정운 군 유족, 산재피해가족네트워크 '다시는'과 만난다"
70,"Nam Wook Said, “I Gave A 30 Million Won in 2010, and He Tried to Lobby Lee Jae-myung” Before the Suw …"
71,"Jeong Young-hak, Who Designed the Daejang-dong Project, Illegally Raised 5 Billion Won for Capital t …"
72,"인플레이션, 공급망만 개선되면 낮아질까? 연준 발표에도 우려 지속"
73,"윤석열 어떻게 승리했나...민심에서 밀리고, 당심으로 뒤집고"
74,“화석연료 자산은 곧 좌초자산 될 것”이라는 경고들
75,고발사주·수사방해·도이치모터스…윤석열이 넘어야 할 수사 사건들
76,"대형마트 판매 막히자···'순대파문' 진성푸드 ""깊이 사죄"""
77,"민주당, 윤석열 후보 확정에 의혹·실언 거론하며 “정책·비전 선거” 제안"
78,내년 접종할 화이자 백신 3000만회분 추가 계약···총 6000만회분 확보
79,한국작가회의 '아름다운 작가상'에 김성규 시인
80,"‘상식의 윤석열 대 비상식의 이재명’, ‘대의 앞에 분열할 자유 없다’… 윤석열 수락 연설 어떤 말 담겼나"
81,윤석열 “가장 가슴 아팠던 일은 실언 논란…국민들께 사과” [일문일답]
82,"긴급 ‘실종문자’의 힘, 4분 만에 7세 아이 찾았다"
83,문 대통령 귀국…‘평화·기후·경제’ 외친 7박9일
84,하루 확진자 7000명 대비 병상 확보…청소년도 대형콘서트장 ‘방역패스’ 적용
85,철원지역 DMZ 평화관광 일부 재개···제2땅굴은 제외
86,"""기본권 박탈"" 미 법무부, 투표권 제한법 두고 텍사스주 고소"
87,"SGI는 전세보증 한도 설정하고, 주금공은 한도상향 연내 추진…갭투자 막고 실수요자 보호할까"
88,"원희룡, 승복 선언 “기꺼이 윤석열 후보와 원팀 되겠다”"
89,웹툰의 트렌드 이끄는 박태준… 신작 ‘퀘스트지상주의’와 ‘김부장’의 명암 [위근우의 리플레이]
90,비전·정책 실종된 대선 [금주의 B컷]
91,경선 끝까지 시민들 이목 집중시킨 ‘홍준표’
92,3살 딸 홀로 집에 방치 숨지게 한 30대 엄마 징역 20년
93,자영업의 세계에 뛰어들려거든 “몸부터 만들어라” 선배의 찐 조언 [다른 삶]
94,유승민 “깨끗이 승복하겠다”···백의종군 선언
95,"보여주기식 ‘탈석탄 선언’? …정부, 선언에 공식 서명해놓고 “원론적 지지 차원” [COP26]"
96,"""위드코로나 시대 콘도회원권 계약 주의하세요"""
97,또? 깜박했네!! [도대체 작가의 토요툰-아무래도 집콕]
98,"‘고발 사주’ 보도 직전 김웅 “검찰서 받은 것 같다”…공수처, 대검 추가 압수수색"
99,양강 벽에 꺾인 유승민와 원희룡...성과와 한계 남겨
100,‘당심>민심’ 윤석열이 받아든 경선 성적표의 의미는
101,"LG, 두산 꺾고 기사회생…3차전 간다"
102,9시까지 1975명 확진…6일 2300명 안팎 예상
103,女배구 1R 최고 명경기… ‘1등 현대’vs‘꼴찌 페퍼’가 썼다
104,요소수 품귀에 제주선 창고털이도
105,한국교회여 일어나라! 회개는 나부터 시작합시다!
106,"홍준표 “26년 헌신한 당, 헌신짝처럼 내팽개쳐졌지만…”"
107,"외신 “정권 수사한 전직 검찰총장, 야당 대선 후보 됐다”"
108,"‘윤석열 선출’에 日언론 “尹, 일본을 이웃으로 규정”"
109,정부부처 ‘與 대선공약 발굴’ 의혹에…김부겸 “오해”
110,윤석열 “‘대장동 게이트’ 부패 카르텔 뿌리 뽑겠다”
111,"윤석열, ‘정권교체’ 열망 가장 큰 무기…부인·장모 의혹 등 부담"
112,"윤석열, ‘적폐청산 칼잡이’서 ‘조국 수사’로 야당 대선후보 되다"
113,윤석열 “후회 되는 실언이 한두개겠나” [일문일답]
114,이준석 “尹 축하…홍카콜라·유치타·대장동강사 꿈도 실현”
115,‘국힘 경선’에 이재명 테마주도 들썩 [3분 국내주식]
116,"서울고검, ‘조국 수사팀’ 감찰에… 한동훈 “치졸한 보복”"
117,살인에 시신 100여구 능욕까지…英병원 34년 미제 풀려
118,‘예산안 삭감’ 두고 갈등 깊어지는 서울시·시의회
119,[오늘의 설교] 그리스도의 이름으로 항상 감사하라
120,"올해 10월, 일 평균 기온 차이 16.2도...관측 이래 가장 큰 편차"
121,"“주여, 제게 양을 치유할 기회를 주심에 감사드립니다”"
122,[가정예배 365-11월 6일] 힘써 여호와를 알자
123,[백상현 기자의 한국교회 설명서] 삶의 해답까지 건네는 ‘영적 사령관’
124,[인 더 바이블] 헌금함(treasury)
125,가슴 벅차게 ‘열망’하는 게 있는가
126,"하늘 큰 뜻 담은 성전, 한옥의 경계를 넘다"
127,그린 위의 ‘작은 거인’ 이다연 “다윗의 믿음 닮고파”
128,스타벅스 돌며 ‘텀블러’ 훔친 부부…의정부 전체 매장 털려
129,"美 반도체 정보제출 임박…삼성전자·SK하이닉스, 기본 정보 제출 가능성"
130,오늘의 날씨 - 오후 (2021년 11월 05일)
131,"고발사주·대장동, 尹·李의 변수…대선 결국 검찰 손에?"
132,"이재명, 윤석열에 “축하”… 민주당은 “국기문란 장본인”"
133,오늘의 QT (2021.11.6)
134,[겨자씨] before after
135,윤석열 “법 위에 군림하는 대통령 시대 끝내겠다”
136,윤석열 “어떤 정치공작도 저를 무너뜨릴 수 없어”
137,서울시립뇌성마비복지관 AIA생명 서울시장표창
138,홍·유·원 현장서 모두 “깨끗이 승복”…민주당과 달랐다
139,윤석열 “저는 조국·추미애 무너뜨린 공정의 상징”
140,요소수 대란에…“소방차·구급차는 무상제공” 내건 주유소
141,한국경제협업협 코로나19 극복 인물조명 공익 캠페인
142,"노동자 시인 정세훈, 산문집 ‘내 모든 아픈 이웃들’ 펴내"
143,윤석열 “분노와 분열의 정치 끝낼 것” [수락연설 전문]
144,위드 인천공항 이젠 우리가 나설 차례 코로나19 대응
145,"‘위드코로나’ 첫주, 확진자 급증…‘병상확보’ 행정명령 발동"
146,"피네보, ‘D-테스트베드’ 선정"
147,석봉토스트의 몽골에서 희망을 굽다
148,윤석열 “제 사전엔 내로남불 없다…반드시 정권 교체”
149,‘무야홍’ 바람 일으켰던 홍준표 “경선 결과에 승복”
150,믿음 좋은 태진아와 함께 해요
151,냉정한 개미들… 홍준표株 하한가 ‘폭삭’ 윤석열株는?
152,성동구청과 아파트 주민이 함께 하는 찾아가는 문화공연 열려
153,충남 내년도 예산안 9조3800억 편성…올해보다 6688억 증가
154,“삼다수 사면 라벨 먼저 떼 주세요”…재활용 활성화 업무협약
155,“이젠 가족과…” SF WS 우승 3차례 이끈 포지 은퇴
156,"산림청, 세계 산림 보호 위한 국내 기업 참여방안 모색"
157,"[속보] 윤석열, 국민의힘 대선 후보로 선출…득표율 47.85%"
158,검 “유동규-정진상 통화 보고 못 받아”… 검경 핫라인 문제없나
159,"김종무 의원 “吳 공약, 법정계획에 대못 박나”"
160,“네가 IMF 때 집 나가 죽었다던 동생이냐”…24년 만의 상봉
161,“제가 한 짓 역겨워” 너무 늦은 정인이 양모의 후회
162,동두천 송라지구 민간 임대주택사업 ‘고소전 난무’
163,한 주 방긋 웃고 요소수에 발목…제주 전세버스 ‘겹시름’
164,부산·울산·경남 온라인 일자리박람회 8일 개막
165,"‘MB·박근혜 사면’ 반대 48%, 찬성 44%"
166,"울산시, 자연 분해 바이오플라스틱 제품 상용화 나선다"
167,"NH농협은행 경남본부, 학대피해 아동 지원 후원물품 기탁"
168,"부산시, 전문가 참여로 탄소중립 그린 스마트도시 앞당긴다"
169,‘국산 백신 1호’ 가시권…SK바이오 “임상 1·2상 결과 확보”
170,이번엔 콘테에게… ‘1호골 전문가’ 손흥민의 선물
171,여전히 못 먹는 북한…20년 전보다 더 배고파졌다
172,"제주항공, 1년 8개월 만에 인천~괌 운항…국제선 ‘기지개’"
173,훈훈한 당근마켓 요소수 ‘나눔’…“꼭 화물 종사자분만”
174,원희룡 “유동규 통화 또 있어…밝혀지면 이재명 하차”
175,‘초등학교 컨테이너 교실’ 증축…이튿날 새벽까지 진통
176,방통위원장 확진→김총리 코로나 검사…예결위 연기돼
177,서울 자치구들 “보건증 발급 수수료 지원받으세요”
178,"서울 일부, 집 구하는 사람보다 내놓은 사람 더 많아"
179,‘요소수 품귀’에 물류 마비 현실화될까…화물·유통·택배업계 ‘전전긍긍’
180,확진자 2344명… ‘위드 코로나’ 속 사흘째 2000명대
181,조기마감된 ‘吳 공약’ 온서울 건강온…본격 출범식
182,‘조국 의혹’ 단초 된 유재수 뇌물혐의 2심도 집행유예
183,공장에 쓰레기 4만톤 버리고 90억 챙겨…조폭도 가담
184,손흥민 “훌륭한 감독 밑에서 많이 배우겠다”… 콘테 체제 첫 골 신고
185,한라봉·천혜향…‘맛 검사’ 받고 출하하세요
186,대전시 ‘2021 대전국제와인페스티벌’ 개최
187,"“제가 갑질? 억장 무너진다”…이지훈, 논란에 직접 해명"
188,“대출규제 약발 먹혔나”…서울 아파트 매수심리 8주째↓
189,"‘100% 공공분양’…서울시, 고덕강일지구에 1305가구 공급"
190,국산1호 코로나 백신 나오나…“1·2상 임상결과 청신호”
191,靑 “한·일 정상 동선 안 맞아…만남 불발 아니다”
192,퀄컴 ‘급발진’… 반도체 반격 시작? [3분 미국주식]
193,"진중권 “이재명, 대장동 감추려 애드리브 정책 남발”"
194,홍준표 “어떤 결과도 수용”…‘백의종군’ 썼다 지웠다
195,"서강대, ‘한국서비스품질지수’ 8년 연속 1위"
196,"윤석열·홍준표 측 “오늘 오후, 우리가 이긴다”"
197,‘오겜’ 日강점기 전파설에 “열등감…역사적 만행엔 침묵”
198,그건 말이 되고?…‘엄빠찬스’ 이 죽일놈의 플렉스
199,"한전KDN , 대·중소기업 상생협력 유공 산업포장 수상"
200,"화이자 “코로나 치료 알약, 입원-사망률 최대 89% 감소”"
201,"사비, 바르셀로나 지휘봉 잡는다…‘명가 재건 적임자’"
202,"與 “윤석열, 국기문란 장본인…진심어린 축하 어렵다”"
203,中 ‘요소 수출금지’에 유독 한국만 휘청이는 이유는?
204,홍준표 “헌신한 당에 내팽개침 당했지만…백의종군할 것”
205,‘요소수 대란’에 발묶인 버스…내주부터 일부지역 운행 차질
206,호주 4세 여아 납치 범인 집안에…충격적인 ‘인형의 방’
207,‘가정폭력 피해자=여성’?…경찰 오인에 사망한 美 남성
208,"제주항공, 오는 25일부터 인천~괌 노선 운항… 1년 8개월 만에 재개"
209,"金총리, 전국민 재난금에 “합의 못이뤄…국회서 토론하자”"
210,건물 4층 높이서 벽돌 떨어져 행인 부상…경찰 조사
211,"한미약품, 2년 연속 지속가능경영 평가 업계 1위"
212,10대 제자의 딸 안고 수업한 교사…“눈물이 왈칵”
213,"“코로나19 팬데믹 완전히 극복했다”… 람보르기니, 올해 1~3분기 판매 23%↑"
214,"두 살배기 때려 숨지게 한 양부…검찰, 무기징역 구형"
215,"[BIT 인사이트저널] '화해', 베트남 뷰티를 해석하다"
216,‘입동’ 일요일 지나면 기온 10도 뚝… 강원 첫눈 가능성
217,포르노 사이트에 수학 강의 올린 강사 “학생 유치 전략”
218,"재규어 레이싱 팀, 타타그룹 TCS와 타이틀 파트너십 체결… 새 머신 ‘I-타입5’ 공개"
219,"세상의 중심에서 콘텐츠를 외치다, 2021 콘텐츠임팩트 (1)"
220,“46세에 남성호르몬 9.24” 약물 의혹 부인한 김종국
221,尹 선출된 날 대구 간 이재명 “DJ정책-박정희 정책 따지지 말아야”
222,"서울고검, 조국 사모펀드 수사팀 감찰…수사팀 “표적 감찰”"
223,"아스텔앤컨, 첫 블루투스 스피커 ‘아크로 BE100’ 출시… 브랜드 대중화 시동"
224,文대통령의 “우리 윤총장”서 反文 선봉장으로
225,"동국제약 마데카솔, 전국초등학생골프대회 휴대용 구급가방 전달"
226,원희룡 “유동규 통화 제3인물 있다…밝혀지면 이재명 사퇴해야”
227,"[단독]기시다, 文과 ‘COP26 회동’ 애초부터 고려 안해"
228,제50회 RI Korea 재활대회 국제세션 성료…‘코로나19와 장애인권’ 연구결과 발표
229,"SK㈜, 지속가능경영보고서 3년 연속 우수상 수상… “ESG 경영 수준 높여가고 있다”"
230,‘고점’ 아파트 사느니 청약…수도권 3분기 초기분양률 100% ‘완판’
231,[퇴근길 한 컷] 물고기 살려주세요!
232,“조망에 진심인 아파트”… GS건설 ‘송도자이 더 스타’ 분양 돌입
233,독일 신규확진 3만4000명 ‘역대 최다’…원인은 백신 기피
234,"[포토]농협중앙회 준법지원부, 양파심기 농촌일손돕기 나서"
235,"농협중앙회, 2021년 재난대응 안전한국훈련 실시"
236,윤석열 “곧 광주 방문…1박 2일 일정으로 다녀올 것”
237,홍준표·유승민·원희룡 “깨끗이 승복…정권교체 합심”
238,"LH, ‘공공주도 3080+ 대도시권 주택공급대책 하반기 추진 실적 점검회의’ 개최"
239,교황청 유리천장 깨졌다…바티칸 첫 여성 ‘행정부 2인자’ 탄생
240,"현대차그룹, ‘제1회 소프티어 프로그래밍 페스티벌’ 개최"
241,"靑, ‘요소수 TF’ 가동…金총리 “중동 등 수입 다변화 추진”"
242,"97세 할아버지, 美뉴저지주 시장 연임…101세까지 임기"
243,이재명 “윤석열 후보 선출 축하…선의의 경쟁하길”
244,"대우건설, ‘신길 AK 푸르지오’ 도시형 생활주택 분양 돌입"
245,"순천향대, 온라인 대학원 석사과정 2개 학과 신설"
246,"한국농수산식품유통공사-농축산부, 美전역서 한 달간 우리 농식품 판촉 행사"
247,"‘국산 1호 코로나 백신’ 청신호 …SK바사, 임상 1·2상 성공"
248,위드 코로나에… 커피점 일회용컵 사용 다시 제한한다
249,11월 중고차 시세 소폭 하락… A4∙카이엔 가격↓
250,"폭스바겐코리아, 11번가 협업 ‘티록·제타’ 단독 프로모션 운영… 선착순 100대 한정 혜택"
251,홍준표 “국민적 관심 끌어준게 제 역할… 깨끗하게 승복”
252,"폐기물 관리 플랫폼 ‘빼기’, 업사이클링 프로젝트 참여 지자체 모집"
253,"롯데렌터카, 안전운전 캠페인 실시"
254,"소진공-한국관광공사-전국상인연합회, 전통시장 활성화 위해 맞손"
255,"윤석열, 국민의힘 대선후보 확정…원내경험無 여야후보 맞대결 구도"
256,尹 “이번 대선은 상식 윤석열과 비상식 이재명의 싸움”[전문]
257,[농업이 IT(잇)다] 김경환 휴밀 “물 한 잔과 가루선생으로 콩의 영양 고스란히”
258,[전문]尹 “이번 대선은 상식의 윤석열과 비상식 이재명의 싸움”
259,美뉴욕시장 당선인 “3개월치 급여 비트코인으로 받겠다”
260,"권성동 尹캠프 실질 좌장, 김종인 그룹도 합류… 尹의 사람들은?"
261,윤석열 앞에 놓인 핵심 과제…‘홍준표 지지층 추스르기’ ‘안철수 단일화’
262,사람 쓰러졌는데 “구급차 없다”던 119의 말은 거짓이었다
263,왕의 휴식처 경복궁 향원정 공개[청계천 옆 사진관]
264,"[속보]윤석열, 국민의힘 대선 후보 선출…尹47.85% 洪41.5%"
265,첨단 항공산업의 메카로 거듭나는 사천시… ‘사천 엘크루 센텀포레’ 일반 분양 나온다
266,9월 경상수지 17개월 연속 흑자…연간 820억 달러 달성 전망
267,떠나는 성남도개공 사장 “대장동 같은 상황 없게 해달라”
268,"라미드그룹, 고급 주거시설 ‘보타니끄 논현’ 이달 분양"
269,고유가·요소수 대란에 ‘LPG SUV’ 재조명… 르노삼성 ‘QM6 LPe’ 효율·상품성 부각
270,"팬픽(FanPICK) 앱, 5일 공식 출시…“글로벌 팬 베이스 프로듀싱 플랫폼”"
271,“생계 걸린 일에 돈 장난 안 해”…‘요소수 품귀’ 속 훈훈한 나눔
272,단풍에 물들고 기암절벽에 빠져드는 원주의 가을[안영배의 도시와 풍수]
273,"태그호이어, 베스트셀러 까레라 쓰리핸즈 새 컬렉션 공개"
274,의정부 일대 스타벅스 돌며 텀블러 훔친 부부 경찰에 검거
275,"18세미만 아동인구 10년새 244만명 감소…비중, 처음 15% 아래로"
276,"‘온라인 쇼핑몰 판매 1위’ 국산 참기름, 알고 보니 중국산"
277,뜨거워진 오피스텔 청약 경쟁…금리인상 우려에 투자 신중해야
278,"[S-스타트업] 스트릭 오환경 대표 ""물리치료사의 노하우, 누구나 쉽게 누릴 수 있도록"""
279,‘위생 논란’ 순대업체 측 “K-순대 세계화 위해 일어설 것”
280,공원과 브랜드 프리미엄을 한번에…e편한세상 신곡 파크프라임
281,"문체부 해외문화홍보원, ‘2021 한류 동호회와 한국문화 함께 잇기’ 온라인 개최"
282,"한라대, 앤시스코리아와 공동연구 개발 양해각서 체결"
283,“오징어게임 때문” 실직 위기라는 게임 스트리머…왜?
284,"“北, 연간 핵폭탄 20개 만들 우라늄 생산능력…기존 추정치 3배”"
285,‘북구청역 푸르지오 에듀포레’ 잔여 세대 선착순 분양
286,"“잔혹하고 무자비”…檢, 정인이 양모 항소심서도 사형 구형"
287,"‘갑질’ 논란에 입 연 이지훈 “과장·왜곡, 전 그럴 배포 없는 사람”"
288,확진자 접촉하고…진단검사·자가격리 거부한 10대 소년원행
289,"SK에코플랜트, ESG 아파트 ‘인천 학익 SK뷰’ 분양… “친환경 설계 대거 적용”"
290,"""카카오페이의 개발 역량, 신뢰성과 안정성이 우선이죠"""
291,3·1운동 소련 축전 실었다고 형사들이 들이닥쳐…[동아플래시100]
292,"손흥민, 모리뉴-산투 이어 콘테 감독에게도 ‘1호골’ 선물"
293,동탄2신도시 신주거문화타운 핵심입지에 ‘화성동탄2 제일풍경채 퍼스티어’ 선보여
294,"2500평 ‘필드아트’ 조성한 오비맥주 한맥, 쌀 수확해 취약계층 기부"
295,“애들 추울까봐”…옷 가지러 불난집 들어간 母 참변
296,"WHO “유럽, 다시 팬데믹 진원지…3달간 50만 명 사망” 경고"
297,"해외 유명 헬스 트레이너, 김종국 저격 “약물 복용했을 것”"
298,“지방 오피스텔까지 이어진 청약 광풍”… GS건설 ‘두류역 자이’ 86실 모집에 5만8000명 몰려
299,"현대百그룹, 2022년 정기 임원인사 단행…박철규 한섬 사장 영입"
300,[반론보도]‘백현지구 인근 호텔 개발사업 특혜 의혹’ 관련
301,원희룡·유승민·홍준표 “결과 깨끗이 승복…정권교체 합심” 강조
302,윤석열 “상식의 윤석열과 비상식의 이재명과의 싸움”
303,"‘사람에 충성하지 않는다’던 윤석열, 국민의힘 대선 후보로"
304,윤석열 국민의힘 대선후보로 선출
305,"윤석열, 국민의힘 대선 후보로 선출…득표율 47.85%"
306,"에이코닉, 상생플랫폼 ‘CONIA’ 론칭…“혁신적인 비즈니스 모델 창출”"
307,“수소환원제철 개발에 수십조 필요… 稅制·금융지원해야”
308,최흥식 CFO협회 제3대 회장
309,태영호의원 ‘북한과 통일’ 특강
310,중견기업 인재개발 지원 협약
311,6·25 참전용사 주택 개보수 지원
312,“친환경 경영은 기업의 필수 생존전략”
313,"현대차, 첫 사내 SW 개발 경진대회… 9명 수상"
314,美 97세 할아버지 시장 연임 성공… 퇴임하면 101세
315,"인천상륙작전·장진호전투 참전 老兵, 알링턴 국립묘지에 잠들다"
316,유동규 피고인 전환돼 추가 강제소환 못해…檢내부 “부실기소로 윗선규명 구조적 차단”
317,"레이커스 제임스, 복부 통증으로 최소 1주일 이탈"
318,서울 강남에 고급주거시설 ‘보타니끄 논현’ 11월 분양
319,"두산건설㈜, ‘반월역 두산위브 더센트럴’ 분양 본격 돌입"
320,2015년 황무성 면직 승인 문건에도 ‘정진상 서명’
321,"지니, 해긴과 손잡고 메타버스 게임 ‘플레이투게더’ 추진"
322,"운송시장 담합 적발한 공정위 사무관, ‘대한민국 공무원상’ 수상"
323,"유세윤·송진우, MBN 등산 예능 ‘주간산악회’로 뭉쳤다"
324,"우도환·이상이·박성웅, 넷플릭스 ‘사냥개들’ 참여…김주환 감독 연출"
325,"빌보드·스포티파이가 인정한 니브, 9일 신곡 ‘party without u’ 공개"
326,NFT 각광에 이더리움도 뜬다
327,‘코인빗’ 실명계좌 발급 설왕설래… 가상화폐거래소 이용자 혼란
328,9월 경상수지 100.7억 달러… 17개월 연속 흑자
329,"신한銀, 내년 원화 기반 스테이블코인 발행 검토"
330,8일부터 불법자동차 집중단속… 국토부·지자체·경찰청 합동
331,IMF 때 “돈 벌겠다” 가출 후 행방불명…24년 만에 가족 상봉
332,"윤여정, 가디언과 인터뷰서 “난 현대적이고 순종적이지 않아… 모험이 좋다”"
333,"캠코, 압구정동 아파트 포함 261억 원 규모 압류재산 공매"
334,셀트리온 붙이는 치매 치료제 ‘도네리온 패치’ 품목 허가
335,日 기시다 이르면 이달 미국서 바이든 만날 듯…“양국 간 일정 조율”
336,"농구 황제 조던, 역대 스포츠 스타 수입 1위…2위는 우즈"
337,현대百그룹 정기 임원인사… 한섬 해외패션 사장 박철규
338,"SPC·CJ대한통운 이어 쿠팡까지… 유통업계, 민노총발 노노갈등 심화"
339,위드코로나 여행수요 늘며 ‘콘도회원권 계약 주의보’
340,"SK바사 “코로나 백신 임상, 긍정적인 면역효과 등 확인”"
341,국내 100대 기업 女임원 300명 돌파… 전체 임원 중 4.8%
342,다가오는 인사 시즌… 재계 “올해는 안정보다 변화”
343,서울 아파트 매수심리 8주째 하락… 반년만에 최저
344,업무태만 의혹…관리 책임 인천공항 우편세관장 징계
345,"경찰, ‘분당 리모델링 특혜 의혹’ 이재명·은수미 수사중"
346,초과세수로 추가 재난지원금…‘국가재정법 90조’ 정면 위배
347,"국민의힘, 선관위에 ‘李 추가 지원금’ 선거법 위반 질의"
348,민주당 선대위 회의
349,초과세수 10兆까지 ‘영끌’해도 ‘이재명 전국민 지원금’ 불가능
350,“정권교체” 57% “정권유지” 33%
351,"두산건설, 안산시 상록구 ‘반월역 두산위브 더센트럴’ 분양"
352,"SK디앤디 DDP, 글로우서울과 ‘주거 융복합 공간’ 개발 협약"
353,OPEC+ “공급량 안늘린다”… 연말 ‘국제유가 120달러’ 관측도
354,"간편결제 이용, 신용카드 보다 ‘체크·직불카드’"
355,"美, 9월 무역적자 또 사상최대"
356,유재수 ‘수뢰’ 일부 무죄… 솜방망이 처벌 논란
357,"경찰, 대규모 도심 집회 민노총 간부 이틀째 소환"
358,‘대검 수사정보관실 폐지’ 밀어붙이는 법무부… 검사들 반발
359,6명 → 12명 → 17명… 코로나 하루 사망자 석달새 3배로
360,‘요소수 쇼크’ 건설 하청업체 직격탄… 工期 못맞출까 발동동
361,中企·농어촌 인력난 숨통 트인다
362,"산업용 → 차량용 요소수 전환 시험, 긍정적 결과 나올까"
363,또다시 제동걸린 文정부 ‘대북정책 과속’
364,유럽 ‘V4’ 국가와 경제협력 강화 성과…탈원전·原電수출 충돌하며 논란 자초
365,대장동 찾은 안철수 “특검 시급”… 민주·국민의힘 동시 겨냥
366,심상정 “재난 지원금 얘기할 때 아냐…공공의료 확충부터”
367,"국민의힘, 대선체제 전환 ‘125일 레이스’ 후보에 막강한 비상 권한…사실상 당대표"
368,“첫 세달치 월급 비트코인으로 받겠다… 뉴욕시 가상화폐 산업 중심지 될 것”
369,탄자니아 ‘세계 최대의 코로나 은폐 국가’ 2년간 724명 사망 발표… 언론은 6만 추정
370,베이조스 ‘달 탐사 수주 탈락’ 소송도 패소… 머스크 ‘조롱’
371,WHO “유럽 확진자 기록적 수준… 다시 팬데믹 진원지로”
372,‘팬데믹 빈곤’ 아프리카…‘쿠데타’ 전염병처럼 번진다
373,市-區 갈등에…‘사고다발’ 영등포 로터리 개선 지연
374,"도봉구, ‘오징어게임’ 촬영지 쌍문동 소개영상 공개"
375,손해평가사 2차 시험 오류 확인… 문항 2개 전원 정답 처리
376,"용산구, ‘스타샵 프로젝트’…창업자금 최대 5000만원"
377,"<날씨이야기>11월6일 토요일, 11월7일 일요일"
378,"금천구, 기후변화 적응위한 ‘탄소 중립 생활실천’ 캠페인"
379,"은평구, 자문위원 36명 ‘코로나 일상회복 추진단’ 구성"
380,"서울시, 고덕강일지구에 신혼부부 등 위한 1305가구 공공분양"
381,발등에 불 떨어진 토종 OTT… “TV콘텐츠 벗어나 과감한 투자해야”
382,또 깨진 ‘유리천장’…바티칸 주권인정뒤 첫 서열 2위에 수녀 임명
383,"<사설>정진상도 게이트 은폐 정황…검찰, 李 수사 피하려 방조하나"
384,<사설>대장동 비리 덮기用 ‘대장동 방지법’ 꼼수 입법 안 된다
385,<사설>‘가해자 모르면 국군·경찰 지목’ 과거사委의 반역 행태
386,<포럼>‘일산대교 무료화’ 철회돼야 할 이유
387,"<포럼>文정부 국채 남발, 재정 원칙 짓밟는다"
388,<뉴스와 시각>‘종전 쇼’ 안보 자살의 입구
389,<시론>공산·독재 유령이 떠돌고 있다
390,공룡 OTT 글로벌 전쟁은 ‘한류스타 대리전’
391,<오후여담>정치 ‘설거지論’
392,"<한성우 교수의 맛의 말, 말의 맛>옥수수와 강냉이"
393,<여론마당>학생들의 교권침해 사례 급증 제도적 절차로 교사 보호해야
394,<살며 생각하며>배우고 익히니 참으로 좋구나
395,<문화논단>한국섬진흥원 출범은 ‘섬 발전’ 시작점
396,<문화논단>‘불법적 탈원전’ 국민소송 필요하다
397,"“남자답게” 주입된 男兒, 성폭력 당해도 속으로 삼킨다"
398,겉은 ‘매머드급’ 與선대위…속으론 허술한 조직력에 혼선
399,“비전제시 못한 국민의힘 후보들… 이대론 누가 돼도 못이겨”
400,결과 승복했지만 뒤숭숭한 洪…“헌신했다가 헌신짝”
401,내일도 신규확진 2000명대 전망…오후 9시까지 1975명
402,"윤석열, 文 겨냥 “법 넘어서는 권한 행사”…“아내는 본선서 역할”"
403,"“화이자 코로나 치료 알약, 입원·사망률 89%까지 줄여”"
404,공수처장 “윤석열 ‘고발사주 의혹’ 수사 원칙에 따라 처리”
405,빌라 세입자 전세보증한도 15일부터 축소
406,윤석열 대선후보 확정된 날 장모는 법정 출석…“개념 없었다”
407,"송아량 서울시의원 “매년 시민 혈세 지원받는 9호선 민자사업자, 운영적자 개선은 뒷짐”"
408,"민주당 “윤석열, 국기문란 장본인…의혹부터 털어야”"
409,안철수 “윤석열 후보 선출 축하…최후 승리자는 국민이어야”
410,사랑제일교회 명도집행 또 무산…소화기 뿌리며 강하게 저항
411,1명 확진되면 전원 감금… ‘제로 코로나’ 중국의 초현실적 풍경
412,‘깨끗한 승복’ 외친 국민의힘 후보들…與 경선과 달랐다
413,"40년 만에 새 앨범 낸 아바, 영국서 판매 신기록 세웠다"
414,고병국 서울시의원 “제2종7층 규제 일괄 완화” 촉구
415,尹 대선후보 된 날…이재명 ‘보수의 심장’ 대구행 맞불
416,"김경 서울시의원 “서울시, 주민들의 주거환경권 확보 위한 제도개선 마련해야”"
417,"최영주 서울시의원 “서울시 대변인, 정치적 행보 중단해야”"
418,장상기 서울시의원 “오세훈 시장 취임 후 빌라 가격 폭등”
419,[속보] 사랑제일교회 강제철거 시도…신도들 소화기 뿌리며 충돌
420,[영상] 개 학대한 남성의 최후…소가 뿔로 들이받아
421,"백승기 경기도의원 “평택항만공사 인력부족, 관리감독 소홀”"
422,위드 코로나에 ‘백신 보험’ 관심…“일부 부작용만 보장 주의해야”
423,박기열 서울시의원 “신월여의지하도로 구난시간 단축 방법 찾아야”
424,민경선 경기도의원 탄소중립 실현 위한 농업정책 수립 촉구
425,김현삼 경기도의원 도 시장상권진흥원 기관 이전 따른 직원 이주대책 질의
426,“아시아는 다 똑같이 생겼다” 어느 독일 기자의 무례한 질문
427,황진희 경기도의원 고교 무상교육에 따른 특성화고 침체 문제 해결 촉구
428,“단발로 변신” 김건희 언제 등판하나…방송출연 요청 잇따라
429,홍남기 “전 국민 지원금보단 맞춤형 지원 적절”
430,이진 경기도의원 관사이용 교직원 인터넷 통신비 지원 필요성 제기
431,여주곤충박물관 ‘살아있는 해외 곤충 展’…두 번째 테마 기획전시 열려
432,"손희정 경기도의원 “도 박물관,미술관 유료화 추진 검토 필요”"
433,오현정 서울시의원 “다문화가족 생활자립 돕기 위해 다양한 시도”
434,"윤석열, 공급 늘리고 규제 풀고…신혼·청년은 LTV 80%·종부세 전면 재검토"
435,"日언론 “윤석열, 당내 경쟁 제압…주 120시간 노동 실언도”"
436,검찰은 또 “사형”…정인이 양모 “내가 한 짓 역겹고 엽기적”(종합)
437,"오현정 서울시의원 “서울시, 보여주기식 ‘점검을 위한 점검’으로는 도움 안 돼”"
438,오현정 서울시의원 “기후환경본부의 건물에너지효율화사업 전반에 걸쳐 문제점 발견”
439,"尹 후보 선출…이재명 “오늘은 축하”, 정의 “책임있는 의혹 규명”"
440,“꿈을 이뤘어요!” 2021 K-POP 커버댄스 페스티벌 in 러시아
441,배수문 경기도의원 지역교육청 조직 확대 따른 효율적 인력배치 요구
442,첼리스트 심준호가 풀어내는 상상과 영감의 순간들…금호아트홀 ‘활의 춤’
443,"채인묵 서울시의원, “‘서울형 주민자치 활동지원 사업’ 부당 감액 바로잡을 것”"
444,전자발찌 차고 발길질… “불 지르겠다”며 바지 내린 50대
445,"“학교 몰카‘에 송구”…안양시, 민간화장실에 몰카방지장치 설치"
446,경기도의회 기획재정위 접경지역-한탄강 일원 현장방문
447,아직 무인이지만…호주서 경주용 드론 속도 경쟁 벌였다
448,오늘도 ‘3000피’ 탈환 실패... 코스피 박스권 탈출은 언제쯤
449,[서울포토] 윤석열 국민의힘 제20대 대통령 후보 선출
450,송아량 서울시의원 “‘변종 드라이브 스루’ 대책 마련해야”
451,안광률 경기도의원 학교 조리종사자 열악한 휴게공간 개선 촉구
452,노원 횡단보도 LED 신호등 82곳에 추가설치
453,성중기 서울시의원 “카카오택시 독점적 지위 남용 개선 필요해”
454,조광희 경기도의원 “메타버스-유튜브 등 동영상 교통안전교육 강화를”
455,"중구, 보건증 발급 수수료 지원한다"
456,"강북, 주민 인권 아카데미 수강생 선착순 모집"
457,김직란 경기도의원 운수종사자 양성평등 만족도 조사 주문
458,입양아 방치해 숨졌는데… 다른 입양아 2년간 분리조치 안돼
459,장윤정과 함께 ‘은평On 축제’
460,본선티켓 거머쥔 윤석열 ‘선대위 구성’ 골몰…이준석과 케미는?
461,광주 동구 공무원 유출한 비공개 민원글 말썽...경찰 수사
462,"윤석열·김종인·이준석, ‘정권 교체 트리오’ 나오나"
463,"김소영 서울시의원 “서울미디어시티비엔날레, 대중의 공감 얻는 전시로 성장해 나가야”"
464,김종배 경기도의원 “특별교통수단 운전자 교육 2년간 실적 없어”
465,46세에 남성호르몬 9.24… 약물 의혹 부인한 김종국
466,제주 한 창고에서 밤사이 요소수 30통 사라져…경찰 수사
467,권재형 경기도의원 “교통연수원 북부분원 설치 적극 나서라”
468,"‘우한 코로나 실태’ 알린 中 시민기자, 구금 뒤 목숨 위험"
469,김규창 경기도의원 “이륜차-개인형이동장치 온라인안전 교육 필요”
470,성수석 경기도의원 “도 문화예술진흥 지속-중장기 계획 수립 필요”
471,김경희 경기도의원 무장애 관광 정책 수립 필요성 지적
472,“순대는 생명” 회장 나서 사과… 여론은 싸늘
473,박세원 경기도의원 학교공기정화장치 선정-설치 교육지원청 적극 지원 촉구
474,[전시] 서울갤러리 추천 11월 첫번째 주말 전시
475,김미숙 경기도의원 “소상공인 지원사업 경쟁 치열해 지원 확대 시급”
476,경기도 기초생활수급자 청년기본소득 일시금 수령도 가능
477,황수영 경기도의원 “경기도 사 편찬작업 2009년이후 지지부진”
478,경선버스 조기 탑승·당심 집결로 승리…尹 ‘398’ 극복 전략은
479,디지털 성범죄 둘러싼 심리 스릴러…연극 ‘4분 12초’ 국내 초연
480,"전은순, 자연과의 공존 테마 연작 ‘숲속의 울림’ 전시"
481,"검찰, 생후 29일된 딸 때려 숨지게 한 아버지 징역 20년 구형"
482,술 취해 아들 뺨 10대 때린 50대 집행유예
483,윤석열 “분열·분노·부패·약탈 정치 끝내겠다…반드시 정권 교체”
484,"경찰, 유동규 조합장 지낸 분당 리모델링아파트 특혜 의혹 수사"
485,김동철 경기도의원 “시군에 청년예술인 지원센터 설립 필요”
486,‘2위’ 홍준표 “국민 관심 끌어준 게 제 역할…승복한다”
487,강태형 경기도의원 도 공공기관 국비확보 적극적 대안마련 주문
488,‘인터넷전문은행 실적은 좋은데’…중저신용자 대출 목표 달성 가능할까
489,국민의힘 대선후보에 윤석열…당원투표서 洪 누르고 압승
490,경기도의회 여성가족평생교육위 2021년도 행정사무감사 실시
491,허원 경기도의원 “도가 지역화폐 운영사 홍보비 집행은 부적절”
492,국민의힘 대선후보 오른 尹…강골검사에서 제1야당 최종후보로
493,실종경보 문자 본 버스 기사 제보로 7세 아동 ‘집으로‘
494,새우젓 축제로 ‘위드 코로나’ 연 마포구… “소상공인과 주민에게 활기 불어넣는 시간이길”
495,김장일 경기도의원 “공공기관 이전 노동자 희생으로 이어져선 안돼”
496,국민의힘 대선 후보에 윤석열 선출…47.85%로 1위
497,"부인 살해 제주 40대, 금주 서약서까지 쓰고도 또 술 취해 범행"
498,[속보] 국민의힘 대선후보에 윤석열 선출
499,김인순 경기도의원 ‘골목형상점가’ 발돋움 지원 강화 주문
500,"‘켈리 역투’ 타선 폭발… LG, 두산 꺾고 기사회생"
501,김용민 “박근혜 구속시킨 尹이 그 정당 후보… 모순”
502,"[사설] 윤석열 국민의힘 대선후보, 수권능력·국가비전 보여줘야"
503,[설왕설래] 북유럽 여성 정치
504,[기자가만난세상] 여야로 나뉜 안보
505,[방민호의문학의숨결을찾아] 울산은 외솔 최현배의 도시
506,[신병주의역사유적탐방] 옥천 정지용 생가
507,"[삶과문화] K-팝, 한류의 새로운 시작"
508,[노광우의시네마트랩] 뱀파이어는 일하지 않는다
509,가정폭력 용서한 아내…얼마 못 가 남편에게 살해당해
510,정인이 학대해 숨지게 한 양모 ‘사형’ 구형… “매일 기도하고 용서 빌며 지내”
511,경복궁내 ‘향원정’ 4년 만에 일반 공개
512,NYT처럼 국가보안법 피해 서울행? 외신기자 46% ‘탈홍콩 계획 이미 세웠거나 고려’
513,윤여정 “난 모험이 좋다… 파격적 역할 두렵지 않아”
514,"與 “尹, 국기문란 장본인… 진심어린 축하 어려워”"
515,윤석열 후보 선출에… 이재명·안철수 “선의의 경쟁 펼치자”
516,윤석열 “국민의힘 입당 후회 없어… 실언 논란 가슴 아파”
517,"김용민 “조선 ‘박주민 대장동’ 보도, 언론개혁 필요성 강조”"
518,"“모든 게 최악” SNS에 토로했던 이규한, 2개 드라마서 ‘일신상의 이유’로 동시 하차"
519,"김부겸 “전 국민 재난지원금, 국회서 장시간 토론해야”"
520,중·러 대북제재 완화 제안… 美 국무부 “유엔 대북제재 유지”
521,"윤석열 “조국·추미애 내로남불 상징… 김종인 큰 힘 될 것"""
522,"정일우, 영화 촬영서 눈 부상으로 치료 받고 회복 중…소속사 “심각하지 않다”"
523,[내일날씨] 6일 전국 대체로 맑아… 15도 이상 일교차 주의
524,최대 소비국 中·印·美는 빠진 채… 한국 등 40여개국 탈석탄 동참
525,[시사중국어학원의 리얼 중국어 회화] 힘들게 모은 거야.
526,[시사일본어학원의 초단기 일본어 회화] 때아닌 태풍이 새벽에 상륙할 우려
527,[파고다 강남 스타토익 RC유나신] PART 5
528,"공수처, 대검 감찰부 압색… ‘고발 사주’ 보강수사"
529,사흘째 2000명대… 수도권 병상확보 행정명령
530,"윤석열 “제 경선 승리, 文정권 두렵고 뼈아파할 것”"
531,"윤석열, '당심'으로 최종 승리…갈등 봉합·외연확장 첫 과제"
532,[재미로 보는 오늘의 운세] 11월 7일 (일요일)
533,[재미로 보는 오늘의 운세] 11월 6일 (토요일)
534,공식석상서 ‘샌들’ 신은 김정은...北 의료 전문가 “무좀이나 발바닥 부어서... 기호·취향일 수도”
535,요소수 품귀 심화… ‘물류 대란’ 닥친다
536,정치 입문 4개월 만에 제1야당 대선 후보로… 尹 “부패와 약탈의 정치 끝내겠다”
537,"“HPV 백신, 제 때 맞으면 자궁경부암 발생률 크게 줄어”"
538,"문 대통령, 김의철 KBS 사장 후보자 인사청문요청안 재가"
539,서울 한강공원 야간 음주 허용…“확진자 늘어나는데 괜찮나”
540,“블랙핑크와 여러분은 함께”…김정숙 여사가 순방 중 환호 받은 비결은?
541,“살 빼고 싶다면 SNS 끊어라”…‘36kg 감량’ 英 여성이 밝힌 비결
542,폭우로 숨진 8세에 ‘홍어새끼’ ‘오뎅탕’ 조롱한 일베 회원 등 2명 벌금형
543,"한국조선해양, 초대형 액화천연가스 운반선 3척 수주"
544,의정부 스타벅스에서 사라진 텀블러…부부가 수십개 훔쳐
545,“제니야 저녁 먹자” 용산에 광고 낸 필리핀 사업가 SNS엔 소름 끼치는 합성사진이
546,"이재명, 윤석열에 “후보 선출 축하… 생산적이고 열띤 경쟁 펼치면 좋겠다”"
547,제대로 푹 자면 이것에 좋아…밤에 해야할 일은?
548,"느와르 이준용, 오늘 8일 입대 예정…직접 쓴 손편지 보니"
549,"서울시, 시민단체 예산 삭감에 시의회와 갈등 고조"
550,"“성기 부여잡고 추행”…軍, 드라마 ‘D.P’ 가혹행위 모방 단속 나섰다"
551,"민주 “윤석열은 ‘‘국기 문란’ 장본인, 진심 어린 축하 어렵다”"
552,"방탄소년단 제이홉 ‘블루 사이드’, 나이지리아 아이튠즈 1위 “앨범 올킬 39개국 돌파”"
553,"‘고발사주 의혹’, ‘실언 논란’… 윤석열이 넘어야 할 2대 리스크"
554,"일화, 프리미엄 건강기능식품 브랜드 ‘비비프‘ 신제품 8종 출시"
555,‘걸스플래닛999’ 케플러 측 “악플러. 선처 없는 법적대응”
556,공명 “입대? 아직 영장 안 나와…정해진 것 無”
557,“불이 얼마나 무서운지 몰라?” 식당 집기 방화한 20대 구속영장
558,“코로나19 환자 개별 상태 입력 시 중증도 예측 가능”
559,洪·劉·元 “경선 결과 깨끗이 승복”… 정권교체 향한 ‘원팀’ 뜻 강조
560,“‘얼평’ ‘몸평’ 그만해라”…해체된 러블리즈 소속사 직원들 퇴사 후기 보니
561,윤석열 “다음 주 1박 2일 일정으로 광주 찾아 사과할 것”
562,‘미투’ 폭로 여배우·MBC 상대 제기한 손배소서 故 김기덕 감독 패소
563,‘18세 연하男♥’ 함소원 “무지 답답한 이 남자랑 내가 결혼한 이유는~”
564,"박주민, “내가 대장동 변호사라니? 언론의 제목 장사에 경악” 발끈"
565,‘백의종군’ 언급한 홍준표 “경선 결과에 깨끗하게 승복”
566,"‘부인 흉기 살해’ 40대, 접근금지 명령 해제 8개월 만에 범행"
567,술 취해 장난 치다가 10대 아들 뺨 때린 50대 父 집행유예
568,윤석열 “대선은 상식의 윤석열과 비상식의 이재명과의 싸움”
569,77시간 방치된 채 배고픔으로 죽어간 3살 딸… 친모에 징역 20년 선고
570,“휴대폰 충전 좀” 女 1500명에게 말 걸고 성폭행 시도한 日 남성
571,국내 백신 접종 완료율 76% 넘어…1차 접종률은 80.6%
572,"롯데홈쇼핑, '2021년 대한민국 지속가능성 대회' 2년 연속 수상"
573,윤미향 부동산 명의신탁 혐의 불송치에 與 오락가락…“복당해야”→“다른 재판 종합해 판단”
574,윤석열과 이재명의 ‘수락 연설’ 키워드는…‘공정과 상식’ VS ‘부패 척결’
575,홍준표·원희룡·유승민 “경선 결과 깨끗하게 승복한다”
576,‘아시아인 다 똑같나’ 외신 질문에 주지훈 ‘사이다’ 답변 “백인도 다 똑같아”
577,이재명 수사 촉구한 윤석열 SNS에 “전 남친 살살 다뤄줘” 댓글 단 김부선
578,"‘수령 800년’ 인천 장수동 은행나무, 천연기념물 지정돼"
579,국민의힘 윤석열 대선후보 연설문 [전문]
580,[속보] 홍준표 “경선 결과에 깨끗하게 승복”
581,"“악의적인 제보라도 저희 잘못·책임” 박진덕 진성푸드 회장, 순대 위생 논란에 사과"
582,세계서 가장 뚱뚱한 男 인생유전…3년 입원→120㎏ 감량→약혼→폭식 후 파혼→음식 절도
583,英 병원서 일하던 전기 기술자…살인에 시신 100여구 능욕까지
584,"윤석열, 국민의힘 최종대선후보로 선출 “정권 교체 임무 완수할 것”"
585,文정부 검찰총장에서 野 대선후보로… 윤석열은 누구인가
586,[속보] 윤석열 국민의힘 대선후보로 선출
587,‘실종경보’ 문자메시지 보고 7세 아동 찾아낸 버스 기사
588,"시신 100여구 능욕한 전기 기술자, 34년 전 미제 살인 ‘그 놈’이었다"
589,"文 대통령, 7박 9일간 유럽 순방 마치고 귀국"
590,“모더나 접종 후 폭포수처럼 피 토해” 아버지 잃은 고교생의 절규
591,"‘먹방’, 하는 이나 보는 이나 모두 급격히 건강 망가져"
592,"손연재, 코로나19 백신 접종 후기 “너무 아팠다”"
593,"하이트진로, 운동회원권 플랫폼 개발 스타트업 '스톤아이'와 지분 투자 계약"
594,"연규진, 며느리 한가인 향한 애정 “보고만 있어도 예뻐”"
595,"“급하면 그냥 오세요” 어렵게 구한 요소수, 소방차·구급차에 무료 제공한 주유소 사장님"
596,‘비아이 마약 수사 무마 혐의’ 양현석 첫 공판서 “공소 사실 부인.. .협박·강요 안 했다”
597,다음 대선 정권유지 33% VS 정권교체 57%
598,검찰 “與 후보 당선 도모”… 진혜원 “공소사실 완전히 잘못”
599,안선영 “남편 재혼할 경우 아들에 유산 99% 양도”…무슨 일?(애로부부)
600,[반론보도] [기자의 시각]대리운전 업체가 골목상권? 관련
601,美고용시장 기대이상 반등... 지난달 일자리 53만개 늘어
602,"尹, 추미애와 충돌때 “사시 9수해서 내 인내심은 갑”"
603,"3차전으로 가는 준플레이오프... LG, 두산 꺾고 1승 1패"
604,기상이변으로 곡물수확 급감...세계식량가격지수 10년만에 최고치
605,홍남기 ”전국민 지원금 아닌 맞춤형이 효과적”...이재명 “타협 없다”
606,"“아이가 열이 심해요”···급한 마음에 낸 사고, 상대 차주는 안아줬다"
607,마이애미 시장과 뉴욕 시장의 ‘비트코인 월급’ 공방전
608,홍준표 “평당원으로 백의종군 하겠다… 한마음으로 정권교체를”
609,신임 뉴욕시장 “비트코인으로 첫 3개월치 월급 받겠다”
610,"일러스트 무단 도용 논란 래퍼 염따, NFT로 ‘그 작품’ 샀다"
611,소화기 뿌리며 저항...전광훈의 사랑제일교회 ‘철거 시도’ 또 무산
612,코로나 사망 이틀째 20명대... 부스터샷 서둘러야
613,"위드 코로나 중 스스로 마스크 쓰는 유럽인들, 왜?"
614,尹측 “신규당원 19만명 중 11만명 지지”… 당원 투표서 20%p이상 앞서
615,“신입 없는 신입 환영회 될 판”... ‘회식이 싫다’는 MZ 세대 사연
616,인근 건물 방역작업에...한양대 기숙사 바퀴벌레 수백마리 출몰
617,대북정책 질문에...이재명 “‘소대가리’ 하면 ‘닭대가리야’ 하고…”
618,"이성윤, 조국 수사팀 감찰...한동훈 “치졸한 보복”"
619,"실언 논란에...윤석열 “후회되는게 한두 개겠나, 책임이 중요”"
620,4개월만에....8일부터 한강공원서 야간에 음주 할수 있다
621,“대장동 같은 상황 더는 안 돼” 성남도개公 사장의 마지막 당부
622,"‘이재명 책사’ 최배근 “전국민 재난지원금, 1인당 100만원도 줄수 있어”"
623,"尹 대선후보 된 날... 공수처, ‘고발 사주’ 증거 찾으러 대검 압수수색"
624,학생운동권 “윤석열 지지…진정한 좌파라면 이재명 못찍어”
625,[오늘의 운세] 11월 6일 토요일 (음력 10월 2일 戊午)
626,[오늘의 운세] 11월 7일 일요일 (음력 10월 3일 己未)
627,尹 선출에...與장경태 “이런 사람이 대통령 되면 한국 희망 없어”
628,“불안해서 투자 관뒀더니” 5년 후 모습은 이렇습니다
629,"코스닥 하한가 4종목의 공통점, ‘홍준표 테마주’"
630,“아시아인 생긴 게 다…” 외신 질문에 주지훈이 받아친 사이다 답변
631,"“파렴치한 xx” 백종원 비방 40대, 항소심서 벌금 감액"
632,"“찻값하세요”… 장흥군, 직원 사비 걷어 군의원들에 100만원 돈봉투"
633,이재명 “윤석열 축하”... 민주당은 “진심어린 축하는 못해”
634,홍준표 “민심과 거꾸로 간 당심이지만 깨끗하게 승복”
635,"윤석열, 첫 일정 질문에 “어려운 국민 찾아봬야…1박2일 光州 갈 것”"
636,"삼성중공업, 3분기 1102억원 영업손실…“일회성 요인 반영”"
637,"사이먼 스미스 주한 英대사, 안동 명예시민 된다"
638,민주당 “윤석열에 진심어린 축하 보내기는 어렵다”
639,현대백화점그룹 임원 인사… 한섬 사장에 삼성물산 출신 박철규 영입
640,갑질 논란 이지훈의 추가 해명 “갑질은 내가 당하고 있다”
641,속속 열리는 하늘길...저가 항공사도 국제선 운행 재개 나서
642,홍준표 “경선에 국민 관심 끌어준 게 제 역할이었다”
643,낙하 훈련 중 소방관 다치게 한 헬기 임대업체 기장 등 5명 송치
644,남친 만나러 세 살 딸 77시간 방치해 숨지게 한 엄마 징역 20년
645,"HUG, 전세사기 예방센터 설립"
646,"[전문] 尹 “이번 대선, 상식의 윤석열과 비상식의 이재명 싸움”"
647,"LX인터내셔널, 영업이익 500% 증가…사상 최대"
648,"윤여정 “모험이 좋다…무식하거나 용감, 둘 중 하나”"
649,“약 먹고 만든 근육” 해외 보디빌더 저격에 김종국 반응은?
650,윤석열 “정권교체 대의 앞에 분열할 자유 없어…단결해야”
651,4년 전 구형 아이폰이 1억 넘었다…폰에 C타입 달았더니 생긴 일
652,호주 4세 여아 납치한 범인…방에는 인형 가득했다
653,국민의힘 대선 후보에 윤석열...득표율 47.85%
654,가해자는 당연히 남자? 가정폭력 칼 찔린 남편 사살한 경찰
655,이준석 “누가 선출돼도 이재명 정도는 당연히 이겨”
656,"확진자 접촉 후 검사·격리 거부한 10대, 결국 소년원 갔다"
657,"“인생 걸고 만든 순대에 사형, 죽고 싶은 심정”…진성푸드 회장 사과"
658,도요타 반도체 부족에도 사상 최대 순이익... 비결은
659,"달 착륙선 사업 승리한 머스크, 베이조스에게 “넌 심판받았어”"
660,"야당 후보 비방한 진혜원 검사, 재판서 “선거 운동 아닌 감정 표현”"
661,Hyundai Unveils Teaser for Next Electric SUV
662,[생중계] 국민의힘 대선 최종후보 발표
663,"[스타트업] 김철환 스카이테라퓨틱스 창업가 인터뷰 “이번이 창업 일곱번째, 창업은 수수께끼 푸는 중독 같은 것”"
664,"이성윤 서울고검, 2년 지난 ‘조국 사모펀드 수사팀’ 감찰 착수"
665,9월 경상수지 17개월 연속 흑자...운송수지 역대 최고
666,멕시코 휴양지 캉쿤서 대낮 총격전...수영복 차림으로 ‘혼비백산’
667,'Circuit Breaker' Lockdown Looms as Infections Surge
668,윤미향 부동산 투기 의혹 불송치...민주당 복당 수순 밟나
669,“정권 교체 위해 野 당선돼야” 57%...현정부 들어 최고치
670,PPP Poised to Name Presidential Candidate
671,Kakao Overtakes Naver in Earnings
672,Recovering Shipbuilding Industry Suffers Labor Shortage
673,집값 상승세 주춤주춤...매수지수 8주 연속 하락하며 기준선 붕괴 ‘초읽기’
674,"민주당, 野대선후보 선출에 “주술·미신·막말 블랙코미디 끝나”"
675,Fizzy Drinks Ads Banned from All Kids' TV
676,“생계 걸린 일 돈 장난 안해”…시민들이 요소수 나눔 나섰다
677,황교안 “박근혜 전 대통령에 손편지 보냈다…가슴 찢어져”
678,LG유플러스 3분기 영업이익 2767억 원... 2010년 이후 분기 최대 영업이익 기록
679,"경선 패배 땐 ‘백의종군’ 썼다 지운 홍준표, 어떤 의미?"
680,"“내 인생 망쳤다”…브리트니 스피어스, 모친의 돈 요구에 분노"
681,"영국, 세계 최초로 코로나 먹는 치료제 사용 승인"
682,"손흥민, 모리뉴와 누누 산투 이어 콘테에게도 ‘첫 골’ 선사"
683,진중권 “대장동 이재명이 불로소득 환수? 김정은이 반핵운동 하는 소리”
684,"“北, 연간 20기 핵탄두 만들 우라늄 생산... 기존 추정치 3배”"
685,[단독] ‘국힘 게이트’라더니…박주민도 ‘대장동 변호사’였다
686,"이재명 “시장통 화장실 청소하던 엄마, 나는 흙수저도 아닌 무수저”"
687,"“내것 네것 없는 세상, 곧 옵니다” 홍라희 선물에 스님도 놀랐다"
688,“1만원짜리 요소수가 12만원…다음주 다 마른다더라” 트럭기사의 한숨
689,“핵 폭탄급으로 공급 늘려도 서울 집값 못 잡는다...수도권 수요 분산이 유일한 해법”
690,"이준석 “안철수, 저 피하려다 김종인 만날 수도…정상적인 출마 아냐”"
691,"SK 바이오 “개발 중인 국산 코로나 백신, 1·2상서 면역 효과와 안전성 확인”"
692,‘뇌물수수’ 유재수 2심도 징역형 집행유예...형량 감경
693,Tickets Go on Sale for Korea's World Cup Qualifier Against UAE
694,[11시 김광일쇼] “확~ 끌었다” 기호 2번 달고 재명 맞설 국민의힘 후보는!
695,2023년부터 식품에 ‘소비 기한’ 표시...우유는 2031년부터
696,유동규·정진상 통화에…與 “우연의 일치” “안하는게 더 이상”
697,"[스타트업] 스카이테라퓨틱스, Per Aspera Ad Astra(역경을 헤치고 별을 향하여)"
698,Infected Candidates Must Sit University Entrance Exam in Hospital
699,"[더블클릭]박범계 장관님, 재산 신고 제대로 하신거 맞죠? 제발…"
700,"미성년자 여동생 성폭행하고 촬영까지 한 친오빠…검찰, 징역 8년 구형"
701,"음원 사재기 몰랐다더니…단체톡 대화방 속 영탁 ""ㅋㅋㅋ"""
702,"김민성, 4안타 3타점 '결자해지'…LG, 두산 꺾고 준PO 원점"
703,"‘잠실 라이벌’ 프로야구 준PO 2차전 2만1679명 입장, 코로나시대 최다관중"
704,"[단독]""아빠가 화장실 가면 무서워요"" 밤새 떤 소녀의 마지막 [e즐펀한 토크]"
705,"""화이자 맞은 어머니, 벙어리 됐다"" 길랑 바레 증후군 뭐길래"
706,최민수 오토바이 사고 '쌍방과실'…부딪힌 승용차 현장 이탈
707,"""약물로 키운 근육"" 의혹에…김종국 반격 ""남성호르몬 9.24"""
708,옆건물 소독했더니…바퀴벌레 수백마리 나온 한양대 기숙사
709,"화이자 “자사 코로나19 알약 치료제, 입원·사망 위험 89% 감소”"
710,"미 국무부 동아태 차관보, 10~12일 방한…한반도문제 등 논의"
711,"“아이 얼굴 크기 손바닥으로 때렸다” 檢, 화성 입양아 학대 양부에 무기징역 구형"
712,軍간부·군무원 극단선택 늘었다···병사 치중한 예방교육 '구멍'
713,"문 대통령, 윤석열 선출에 침묵…이재명땐 ""당원으로서 축하"""
714,"윤석열 국민의힘 대선후보 된 날, 장모는 법정 출석"
715,"주말 하늘 대부분 '맑음'…내륙은 안개, 남·동해안엔 빗방울"
716,"KAIST 총장이 설명하는 메타버스, 코로나 시대 미ㆍ중 관계까지…한불클럽 연례회의"
717,글로벌 위드 코로나 힘…CGV 3분기 매출 전년 대비 4.4% 늘었다
718,"""석탄 종말 눈앞"" ""조기 퇴출 아냐""…뚜껑 연 '탈석탄 선언' 해석은 온도차"
719,"KBO, 문체부에 녹취록 제출…""시즌 중단 의혹 해소 기대"""
720,안철수 “尹 대선후보 확정 축하…최후 승리자는 국민이어야”
721,“문자메시지가 공문서?”… 허술한 김학의 출금에 법무부 직원도 우려
722,허경영 “홍준표 못 이룬 꿈 내가 실현한다…이젠 尹‧李와 3자 구도”
723,"퇴임 성남도개공 사장 “대장동 같은 상황 없게 노력해 달라"""
724,"윤석열, 野 대선후보 확정에도…검‧공, 본인·부인·측근 겨눈다"
725,‘시민단체 예산 삭감’에 서울시와 시의회 갈등 고조
726,"WHO ""유럽, 다시 팬데믹 진원지 됐다""…이제 막 빗장 푼 한국은?"
727,"""난 좋아요 아닌 웃겨요 눌렀는데"" 진혜원 재판서 페북 논쟁"
728,"우한 폭로뒤 구금된 中기자, 체중 40㎏…""삶 마감할 위기"""
729,홍남기 “맞춤형이 효과적” 이재명 ‘전국민 지원금’에 사실상 반대
730,중증 병상 무섭게 찬다…한달 내 '서킷 브레이커' 발동 우려
731,"""계도기간, 백신 미접종자도 클럽 오라""…위드코로나 아노미"
732,"대통령은 한다는데…""벌채 중단 안 해"" 폭발한 인니 장관"
733,"이준석 ""홍카콜라·유치타·대장동 1타강사 꿈 놓치지 않을것"""
734,유동규 휴대전화 검경 수사 잘 될까…수사 경쟁 대신 ‘눈치 경쟁’ 우려
735,"기호 2번 거머쥔 윤석열 ""이 정권, 날 두려워하고 뼈아파할 것"""
736,"오세훈에 ""광고 허가해달라""는 김어준…번지수 잘못 찾았다 [팩트체크]"
737,"""朴 구속시킨 윤석열이 朴추종 정당의 후보""…포문 연 여당"
738,"""소방차 멈추면 안되잖아요""…요소수 3통 놓고 간 익명의 천사"
739,자라섬 재즈 페스티벌 개막 1100명 입장…위드코로나 후 첫 대규모 야외공연
740,"[e글중심] ""택배도 안 올 수 있다고? 요소수 같은 제품 국가가 비축량 관리해야"""
741,"여교사 화장실에 몰카 설치한 교장, 검찰 송치"
742,[팩플] 반전 노리는 엔씨…리니지W 첫날 매출 160억 의미는
743,"'원조 어펜저스' 원우영, 김정환·구본길 이끄는 대표팀 코치로"
744,"대선후보 윤석열, 실언 논란에 ""후회되는 게 한두 개겠나"""
745,[동키호택과 걷는 산티아고길 80일] 사과·빵·에너지바…공짜 먹거리가 줄줄줄
746,[동키호택과 걷는 산티아고길 80일] 다가갈수록 멀어지는 이상한 마을
747,"""엄마, 잇몸서 자꾸 피나"" 백신맞고 숨진 고3아들 마지막 말"
748,"[동키호택과 걷는 산티아고길 80일] 긴급상황 발생, 당나귀가 거품을 물었다"
749,"[동키호택과 걷는 산티아고길 80일]나폴레옹에 도전하다, 피레네산맥 그 길"
750,[동키호택과 걷는 산티아고길 80일] 드디어 만난 길동무 당나귀 동키호택
751,"[동키호택과 걷는 산티아고길 80일] 공항서 사라진 노트북, 이번 여행 망했어"
752,"유동규·정진상 통화 전후 미스터리…野 ""알려지면 李 사퇴감"""
753,"웃지 않은 尹, 미소지은 洪…야당 전당대회, 여당과 달랐다"
754,"尹 후보된 날…이재명, ""대통령 친구"" 대구 청년 만난 까닭"
755,"바이든 ""1월 4일까지 민간기업 다 맞아라""…공화 ""위법"" 반발"
756,"국민의당, 윤석열에 “정권교체 시대적 소명에 함께하길 기대해”"
757,"민주당 ""尹 축하 마땅하지만 국기 문란 장본인…의혹부터 털어야”"
758,[주역으로 본 세상] ⑻누가 '용(龍)'이 될 것인가?
759,"남친보려 사흘 외박…찜통집 세살 딸 사망케한 母, 징역 20년"
760,내년 접종 화이자 3000만회분 추가 계약…총 6000만회분 확정
761,4년전 구형 아이폰이 1억 됐다…한 대학원생의 기막힌 기술
762,"조원진, 尹향해 “자유우파 적통 누군지 가리자…朴 사과없어 실망”"
763,"'무야홍' 지고도 웃었다 ""민심과 거꾸로 간 당심…깨끗이 승복"""
764,"[경제브리핑] LX인터, 3분기 영업이익 500% 증가…사상 최대"
765,"나찰수 윤석열 ""안철수 마음 얻어 재명공자를 꺾고 천하를 쥐리라""[이정재의 대권무림⑧]"
766,"""콜이 없어요"" 위드코로나가 무서운 배달업계의 묘책"
767,"이제 윤석열과 맞붙는 이재명 ""민생개혁 위한 열띤 경쟁하자"""
768,"MLB 나성범 신분 조회, 1년 만에 빅리그 재도전하나?"
769,이성윤 감찰 대상 된 조국 수사팀…한동훈 “치졸한 보복”
770,300만 피서객 갈 곳 잃었다…해수욕장 감쪽같이 사라진 나라
771,"스피드스케이팅 대표팀 16명, 베이징 티켓 걸린 ISU 월드컵 출전"
772,"“대만, 혼자가 아니다” EU 대표단 첫 방문…반응 참는 中 왜?"
773,각국 탄소 감축 목표만 지키면…최악 기후위기는 피할듯
774,2위에도 웃었다…홍준표 “국민적 관심 끈 게 제 역할”
775,"윤석열 ""우리가 알고있던 법치·공정·상식 되찾아오겠다""[수락연설 전문]"
776,"'벌레 순대' 진성푸드 회장 ""맨손으로 일군 회사…죽고싶다"""
777,"""수도권 130만호 주택 공급…코로나 피해 100조 지원"" [윤석열의 공약]"
778,"말뚝 799개 박고 능화지로 도배 싹 했다, 고종이 쓰던 향원정"
779,"""尹캠프가 곧 국민의힘""이지만 핵심은 권성동 [윤석열의 사람들]"
780,보수의 원흉서 보수의 미래로…윤석열 '직진 인생' 61년 [윤석열의 인생]
781,"[속보]국민의힘 대선 후보 윤석열 ""잃어버린 공정·정의 찾겠다"""
782,[더오래]세계를 바꾼 사과 그림…세잔 루트를 따라서
783,"‘성명불상’ 고발자 찾아낼까…공수처, 대검 감찰부 압색"
784,[주역으로 본 세상] ⑹'택화혁(澤火革)'-정의의 칼을 뽑아라
785,'뇌물 수수' 유재수 2심도 집행유예…'책 강매'무죄로 형량 줄어
786,"백신접종에 해외여행 빗장 풀리자, 에어비앤비 실적 '껑충'"
787,"靑, ‘요소수 사태’ TF팀 구성…“일일 비상점검체제 즉시 운영”"
788,"백종원에 ""양아치보다 더한 XX"" 비방 40대, 2심서 벌금감액 왜"
789,새 구두 디자인인가 '무좀'인가…양복에 샌들 신은 김정은
790,침낭째 사라진 4살 여아…납치男 집엔 소름돋는 '인형의 방'
791,"지역형 일자리, 관제사업 틀 못 벗어나고 있다"
792,이재명 “재정당국 반대 예상되지만 타협하지 않겠다”
793,"정인이 양모 ""내가 한짓 역겹고 엽기적""…檢, 2심도 사형 구형"
794,"""블랙핑크 한복에 쓴 천"" 헝가리인 놀래킨 김정숙 여사 선물"
795,"[주역으로 본 세상] ⑷'지산겸(地山謙)', 힘 있는 자 겸손하라"
796,"""국내 청정지역 참깨""라더니…온라인 판매 1위 참기름의 배신"
797,"""상상못할 성적 타락""…영안실 시신 100구 능욕한 英직원"
798,‘여성 종업원 강제추행’ 부산시의원에 징역형 집유…“격려 차원” 해명
799,"화물차 필수품 '요소수 대란'에...송영길 ""필요하면 중국방문"""
800,"켈리가 막고 김민성이 때렸다…LG, 두산 꺾고 승부 원점으로"
801,"‘속공’의 에스케이, 케이티 대파…5연승 질주"
802,독일 호위함 ‘바이에른’ 도쿄 기항
803,박주민 “내가 ‘대장동 변호사’? 〈조선일보〉 제목 장사에 경악”
804,대구 찾은 이재명 “좋은 정책이면 DJ·박정희 따지지 말아야”
805,‘정치 5개월차’ 대선후보…수권능력 입증·중도확장 과제
806,"시궁창 같은 세상, 싱글맘의 분투기"
807,연출 아쉽지만…삶의 장소로 들여다본 ‘지리산’의 특별함
808,"‘알파메일’의 이야기 아닌, 더 나은 남성서사가 필요해"
809,10월 6일 인사
810,10월 6일 궂긴 소식
811,"[사설] 국민의힘 대선 후보 윤석열, 자질과 정책 역량 증명해야"
812,가을야구에도 ‘오징어 게임’ 열풍…‘199번 참가자’ 아누팜 시구
813,"고발사주 수사, 윤석열 확정에 ‘야당 탄압 프레임’ 빠지나"
814,롯데월드 “벨루가 ‘벨라’ 내년말까지 야생적응장 이동할 것”
815,[사설] ‘수입처 다변화’ 중요성 거듭 일깨운 ‘요소수’ 품귀 사태
816,"윤석열, 6일 이준석과 오찬…10일 광주·11일 봉하마을 방문"
817,"김 총리 “재난지원금, 국회가 예산 만들어야 집행…정부는 방법 없다”"
818,“충남 은퇴 소방차 온두라스 시민 지킴이 된다”
819,“나도 탄소 배출량을 줄일 수 있다고?”
820,“진짜 검사 윤석열” “무야홍 정권교체”… 후끈했던 경선 장외대결
821,고양 시민단체 “장항습지 지뢰사고 국방부 책임규명” 촉구
822,윤석열 “광주 1박2일 방문 일정 곧 발표…김종인 도와줄 것”
823,‘반문 대표’로 나선 윤석열 “정권교체가 저의 존재 이유”
824,정부 “병상 등 1만명 확진 대비”…대규모 공연엔 10대도 ‘방역 패스’
825,"[예언해줌] 윤석열 승! 홍준표 20대 표, 안철수 흡수 가능?"
826,"서울고검, ‘조국 사모펀드 수사팀’ 감찰 착수…“표적 감찰 아니다”"
827,보조 인력이 피부 봉합? 광주 ‘대리 수술’ 의혹 병원 의료진 2명 구속
828,민주당 “국기문란 장본인 윤석열 축하 어려워…의혹부터 털어라”
829,윤석열이 넘어야 할 산… ‘고발사주’ 등 본인·가족·측근 수사 8건
830,"한계 보인 3위 유승민, 입지 다진 4위 원희룡"
831,대만 정보당국 “중국의 둥사 군도 점령 가능성 현재로선 낮다”
832,중 “세계 최대 핵위협 국가는 미국”…미 국방부 보고서 반박
833,인류의 재난극복을 미술은 어떻게 표현해왔나
834,도시 소비자 농촌 생산자 음악으로 만나다…하늘농부 가을음악회
835,문 대통령 “높아진 국격만큼 국민 삶의 질 높이겠다”
836,[포토] 서울시의회 앞으로 옮겨간 ‘세월호 기억공간’
837,"홍준표 “깨끗하게 승복, 내 역할은 여기까지”"
838,자신에게 보다 더 친절해지세요
839,홍준표 “경선 결과 승복…국민 관심 끄는게 내 역할”
840,‘모듈러 교실’이 뭐기에 초등학교 앞에 근조 화환 늘어섰나
841,"“JTBC, ‘데이트 폭력’ 상황 담긴 자극적 영상 꼭 내보냈어야 했나”"
842,화이자 백신 3천만회분 추가 계약…내년 1억2천만회분 확보
843,"한여름-한겨울 오갔던 올해 10월, 일평균기온 편차 역대 1위"
844,[전문] 윤석열 수락 연설 “공정·상식 회복 바라는 민심…반드시 정권교체”
845,캐나다서도 몰래 콘돔 제거하는 ‘스텔싱’ 처벌 받게 될까?
846,‘3살 딸 방치 살해' 30대 엄마에 징역 20년 선고
847,"공수처, ‘고발사주 의혹’ 관련 대검 감찰부 압수수색"
848,국민의힘 대선 후보에 윤석열…47.85%
849,‘우리 윤 총장’에서 ‘국민의힘 대선후보’로…윤석열은 누구?
850,제주 신축항쟁 현장 관덕정서 120년 만에 열리는 ‘추모굿’
851,"잉크도 안 말랐는데…인니 환경장관 “삼림파괴 중단선언, 불공평”"
852,[ESC] 돼지 뼈 발라먹는데 품위가 왜 필요해!
853,LG유플러스 3분기 영업이익 10.2%↑…2010년 이후 최대
854,[포토] 제 모습 찾은 경복궁 향원정과 취향교
855,경복궁 향원정 4년 만에 복원…고종 거닐던 취향교도 모습 되찾아
856,“투자 실패로 돈 잃어…” 코인거래소 업비트서 방화·분신 시도한 40대
857,"미, 100인 이상 사업장 백신접종 의무화 “1월4일까지 맞아라”"
858,미 동아태 차관보 10~12일 방한…종전선언 등 논의할 듯
859,"이재명, 재난지원금·손실보상 증액 거듭 요구…“물러서지 않겠다”"
860,"[ESC] 가을 농사, 땅의 기운을 저장하는 일"
861,[ESC] 먹고 마시고 ‘불멍’하라
862,베트남 석탄발전소 문 닫는다면 한전이 짓고 있는 ‘붕앙2’는?
863,바다 밑 ‘유령’이 집게를 가두어 죽이고 있다
864,[포토] 제주 이어 서울도…‘일회용컵’ 사라지는 스타벅스 매장
865,"건국대, ‘한국 테니스 간판’ 권순우에 학교 테니스 훈련 시설 제공"
866,미·영 15개국 “기후변화로 위협받는 노동자와 지역사회 지원” 성명
867,마윈 ‘미운털’ 결정적 계기는…당선자 트럼프와 만남?
868,"‘뇌물수수’ 유재수, 2심도 집행유예…형량은 줄어"
869,"정부, 고용허가제 이주노동자 이달 말부터 입국 완화"
870,"산유국, 추가증산 하지 않기로…유가 고공행진 지속할 듯"
871,‘발등의 불’ 요소수…청와대 ‘수급안정 대응TF’ 가동
872,생협공제 출발을 위한 공정거래위원회의 지원
873,지역에 사회적 금융 전문 중개기관을 만들자
874,한국이 석탄발전 퇴출 서명했다는데…산업부 “그건 아니고”
875,500명 이상 대규모 공연서 청소년도 ‘방역 패스’ 첫 적용
876,‘김영란법’ 위반 혐의로 재판정에 선 현직 부장판사…“면목 없다”
877,[ESC] 밥이 되고 반찬이 되는 영양덩어리
878,"정부, 수도권 병상확보 행정명령…“하루 7천명 확진 대응”"
879,"제주항공, 25일부터 인천~괌 노선 운항 재개"
880,[갤럽] ‘차기 대통령 감’ 이재명 26%·윤석열 24%·홍준표 15%
881,한국 등 세계 40여개국 “기후변화 주범 ‘석탄발전’ 단계적 중단”
882,한상혁 방통위원장 돌파감염…총리 등 국무위원 모두 검사
883,“1.5도 목표 달성하려면 1% 부자들 탄소 배출 97% 줄여야”
884,전주 경기전의 100년 발자취…어진박물관서 야외특별전
885,“백의종군” 썼다 지운 홍준표…“패배 땐 경선 흥행 역할에 만족”
886,"[ESC] 잔바람에 살랑, 내 집 안의 흔들리는 예술품 ‘모빌’"
887,"콘테 감독에 1호골 선물 손흥민, “많은 것 배우고 싶다”"
888,[알림] 대전환시대 국제 콘퍼런스-새로운 고용노동 패러다임 모색
889,9월 경상수지 17개월 연속흑자…운송수지 흑자 역대 최대
890,"홍명보의 울산, 전북 꺾고 리그 우승 9부 능선 넘을까"
891,"WHO “유럽에 코로나19 다시 급증, ‘재확산 진원지’ 됐다” 경고"
892,보잉도 ‘우주인터넷’ 경쟁 합류…위성으로 뒤덮이는 저궤도
893,누군가에겐 새로운 기회가 되는 책방
894,"대장동, 이것만 보면 다 안다!-① 민간사업자 ‘대박 설계’는 어떻게 나왔나"
895,또 다른 한빛들의 목소리를 들어라
896,개혁은 어떻게 현실과 만나 역사가 되었나
897,[시인의 마을] 후포 - 이시영
898,기후가 바뀔 때마다 인간공동체는 요동쳤다
899,"부와 이상을 모두 성취한 성실한 예술가, 무하"
900,"자궁경부암 줄지만, 자궁내막암ㆍ난소암 갈수록 늘어"
901,"‘4안타 김민성’ LG, 2차전 두산 잡고 준PO 원점으로"
902,"“노인성 치매, 양성자 빔 활용해 치료 길 열어”"
903,"신규 일본 유학생, 8일부터 입국 허용…백신 접종자도 열흘 격리"
904,‘심장 이식 대기’ 어린이 환자 4명 중 1명 사망
905,"공수처장 “윤석열 수사, 원칙 따라 처리”… 野 “협박하나”"
906,"화이자 코로나19 치료 알약 임상시험 ""입원·사망률 90% 감소"""
907,3주 이상 혀가 아프고 딱딱한 것이 만져지면…
908,'반전 드라마'는 없었지만...유승민·원희룡의 성과와 한계
909,쇼핑카트를 꽉 채워야 직성이 풀리시나요 [삶과 문화]
910,폭우 피해자 모욕한 누리꾼 2명 벌금형
911,'장스트릿' 장예원과 함께하는 출근길 어떨까
912,"경찰, 최민수 교통사고 '쌍방과실' 파악…승용차 고의성 조사"
913,"LG에너지솔루션, 美 수소트럭 '니콜라' 7년 간 배터리 공급"
914,"홍준표, '미소'로 승복 선언... 민심 10%P 더 얻고도 패배"
915,"임대차보호법 개정 후 계약 갱신 상가에도 ""10년 보장해야"""
916,"'오징어 게임' 아누팜, '199' 두산 유니폼 입고 시구... 관중 반응은?"
917,5시간 대치 끝에… 사랑제일교회 5차 명도집행도 무산
918,"윤석열 검증 벼르는 민주당, ""진심어린 축하 어렵다"""
919,'역대급 에너지' 조진웅이 'SNL 코리아'를 만나면
920,"공수처, 대검 감찰부 압수수색… '고발 사주' 새 증거 확보했나"
921,B급과 3류가 다르다는 걸 정치인만 모른다 [2030 세상보기]
922,"주지훈, 인종차별 질문에 사이다 발언 ""백인들도 똑같이 생겼다"""
923,"[봉황대기 이 장면]북일고, 백송고 상대로 팀 노히트 노런... 32강으로"
924,"서울고검, 조국 수사팀 '편향수사' 감찰... 한동훈 ""치졸한 보복"""
925,"""오늘은 축하""... '정책 대선' 다짐한 이재명의 '뼈 있는' 축하"
926,"'요소수 대란'에 장거리 물류 초비상…단거리 택배는 ""당분간 버틸 만"""
927,"이재명발 '재난지원금' 압박 버티는 정부… 김부겸 ""국회서 긴 토론해야"""
928,‘나쁜’ LDL 콜레스테롤 낮을수록 좋아요
929,"45세 김종국의 몸이 어떻길래? ""약물 아니면 불가능"" 논란까지 벌어졌나"
930,"윤석열 ""납득 어려운 발언한 것 사과... 곧 광주 가겠다"" [일문일답]"
931,"갈수록 늘어나는 고혈압 환자…어느새 1,200만 명 넘어"
932,"롯데, 벨루가 '벨라' 방류 전제로 내년 야생적응장 보낸다는데…"
933,[지평선] 브리핑에 없는 대통령 이야기
934,[메아리] 시대와 충돌하는 87년 체제
935,학술과 교양 사이… 다리를 놓는 서평지가 나왔다
936,유엔 “선진국 기후 적응 비용  10배 이상 늘려야”
937,"美 국무부, 러시아 해킹그룹 '다크사이드'에 현상금 118억원 걸어"
938,"'배다해♥' 이장원, 페퍼톤스 콘서트로 팬 만난다"
939,"정인이 양모 “내 행동 역겹고 추악"" 검찰 “극형 불가피”"
940,"8~19일, 부·울·경 온라인 일자리 박람회… 240개 기업 참여"
941,"시드 유지 절박한 박결, 선두와 1타 차 공동 6위"
942,‘대리 수술’ 의혹 의료진 3명 중 2명 구속
943,[인사] 공정거래위원회 외
944,"이재명, 전국민 재난지원금 논란에 ""초과 세수, 국민 위해 쓰였으면"""
945,"펄펄 나는 나스닥, 옆으로만 기는 코스피... 개미들은 지쳤다"
946,"윤정수 성남도시공사 사장 ""백현동 사업 대장동 판박이"""
947,"탄소배출 ‘순제로(0)’ 전환되면… “전 세계 화석연료 자산 절반, 무가치해질 것”"
948,품귀 속 도난 사고까지?…밤사이 제주 창고서 요소수 30통 사라져
949,"케플러, 악성 게시물 법적 대응 나선다...""선처 NO"""
950,농촌 주민 희생양 삼는 혐오시설...엄연한 사회적 차별
951,"법원 제동에도 김포시장이 ""일산대교 통행료 계속 무료"" 외친 까닭"
952,"오염피해 입증, 주민 아닌 정부·기업이 책임져야 한다"
953,"'낙선' 유승민 ""깨끗이 승복... 개혁보수 향한 마음은 불변"""
954,홈쇼핑·라이브커머스 통해 상반기 매출 '1억'  소상공인들 비결은?
955,"콘테 감독 데뷔전에 '첫 골' 선물한 손흥민 ""앞으로가 기대된다"""
956,[부고] 김종열(CGV 포디플렉스 대표)씨 모친상 외
957,"이규한, '어게인 마이 라이프'·'그린 마더스 클럽' 돌연 하차"
958,"[봉황대기] '1학년 거포' 이상준, 대회 첫 만루홈런…경기고 16강 선착"
959,"왕 휴식처 경복궁 향원정, 재정비 마치고 조만간 대중 공개도"
960,서울 아파트 매수심리 6개월 만에 최저...전세도 동반 하락
961,"롤스로이스, 더욱 대담히 다듬은 ‘뉴 블랙 배지 고스트’ 공개"
962,군수를 히틀러에 비유한 공무원··· 법적대응 나선 단양군
963,"정부, ""요소수 수입 다변화"" 한다지만... “우리도 모자라” 각국 손사래에 '막막'"
964,'마약수사 무마' 양현석 “제보자 만났지만 협박은 안 했다”
965,"북유럽 4개국, 여성 총리 시대 여나…스웨덴 마지막 합류 임박"
966,"곧 전면등교인데... 학교 영어·스포츠 강사, 돌봄인력 파업 예고"
967,"김부겸, 이재명표 재난지원금에 ""옳은 방식인지 합의 못 이뤄"""
968,"박양우 전 문체부 장관, 세계태권도연맹 부총재 임명"
969,"위드 코로나 시대, 제주 드림타워 복합리조트 두 번째 타워 오픈"
970,교황청 행정 총괄 직책에 사상 첫 여성
971,탈북 초등맘·창업자는 한국사회에 어떻게 적응하고 있나
972,"문재인·박근혜에 칼 겨눈 '강골 검사' 윤석열, '보수의 보스' 등극"
973,"NC 나성범, 빅리그 재도전?... ML 사무국, 신분 조회 요청"
974,"부소니 준우승 김도현, 결선 무대를 라이브로"
975,"윤석열 ""분열과 분노, 부패와 약탈의 정치 끝내겠다"" [수락연설 전문]"
976,넷플릭스가 모바일 게임을 출시한 이유는?
977,아직 반대 더 많지만...조금씩 높아지는 이명박 박근혜 '사면 찬성' 여론
978,"서울시 ""8일부터 한강공원 야간 음주 허용"""
979,"'6%P 차이로 2위' 홍준표 ""경선 결과 깨끗하게 승복한다"""
980,"'위드 코로나'에 2년 만에 신입 뽑는 항공업계… ""경쟁률 175 대 1"""
981,대우학술총서 전자책 출간
982,"위드 코로나 첫 주말 집회, 서울 도심 3000명 쏟아진다"
983,‘뇌물수수’ 유재수 2심도 집행유예... 일부 무죄로 뒤집혀
984,"정일우, 영화 촬영 도중 눈 부상…""현재 회복 중"""
985,"北, 연간 핵폭탄 20개 분량 고농축우라늄 생산 가능"
986,"[속보] 윤석열, 국민의힘 대선후보 확정... 내년 3월 이재명과 격돌한다"
987,인천 공공형 택시플랫폼 'e음택시' 8일 첫 시동
988,"“5세 지능 마약사범 사형 중단하라”… 인권단체, 싱가포르에 호소"
989,경상수지 17개월 연속 흑자... 운송수지 역대 '최고'
990,'자연을 품다' 세계서예전북비엔날레 개막
991,"WHO “유럽, 또다시 코로나19 팬데믹 진원지 될 수 있어”"
992,"'SNS에 야권 후보 비방' 진혜원 검사 ""'좋아요'는 감정 표시"""
993,"'마라톤 영웅' 이봉주 투병 극복 레이스, 국민들이 함께 한다"
994,내년 맞을 화이자 백신 최대 1억2000만 회분… 정부 추가 계약
995,[시승기] 패러다임의 매끄러운 전환점을 제시한 기아자동차 EV6 GT-Line 시승기
996,"AI로 반도체 소재 만드는 스타트업 아이브이웍스, 205억 투자 유치"
997,"""행복하길""...느와르 준용, 8일 육군 현역 입대"
998,"美·대만 ""中 군사행동 없을 것"" 무시에 中 ""한국전쟁 잊었나"""
999,"경남 농산물종합가공센터, 부가가치 창출·농가소득 향상 '견인'"
